base_name,datetime
20241126_112801_pd_ceo2_000-003,2024-11-26T11:28:01
20241206_152239_pd_ceo2_000-004,2024-12-06T15:22:39
20241209_195044_pd_ceo2_000-005,2024-12-09T19:50:44
20241212_132620_pd_ceo2_000-006,2024-12-12T13:26:20
20241215_104930_pd_ceo2_000-007,2024-12-15T10:49:30
20241218_080821_pd_ceo2_000-008,2024-12-18T08:08:21
20241221_071605_pd_ceo2_000-009,2024-12-21T07:16:05
20241224_120110_pd_ceo2_000-010,2024-12-24T12:01:10
20241227_094950_pd_ceo2_000-011,2024-12-27T09:49:50
20241230_073902_pd_ceo2_000-012,2024-12-30T07:39:02
20250102_071820_pd_ceo2_000-013,2025-01-02T07:18:20
20250105_130048_pd_ceo2_000-014,2025-01-05T13:00:48
20250109_092610_pd_ceo2_000-015a,2025-01-09T09:26:10
20250109_092610_pd_ceo2_000-015b,2025-01-09T09:26:10
20250113_103038_pd_ceo2_000-016a,2025-01-13T10:30:38
20250113_103038_pd_ceo2_000-016b,2025-01-13T10:30:38
20250118_065513_pd_ceo2_000-018,2025-01-18T06:55:13
20250120_081157_pd_ceo2_000-019,2025-01-20T08:11:57
20250122_103245_pd_ceo2_000-020,2025-01-22T10:32:45
20250124_100001_pd_ceo2_000-021,2025-01-24T10:00:01
20250126_071044_pd_ceo2_000-022,2025-01-26T07:10:44
20250128_064524_pd_ceo2_000-023,2025-01-28T06:45:24
20250130_162431_pd_ceo2_000-024,2025-01-30T16:24:31
20250201_075808_pd_ceo2_000-025,2025-02-01T07:58:08
20250203_075315_pd_ceo2_000-026,2025-02-03T07:53:15
20250204_091924_pd_ceo2_000-027,2025-02-04T09:19:24
20250206_111432_pd_ceo2_000-028,2025-02-06T11:14:32
20250208_064329_pd_ceo2_000-029,2025-02-08T06:43:29
20250210_084617_pd_ceo2_000-030,2025-02-10T08:46:17
20250212_060051_pd_ceo2_000-031,2025-02-12T06:00:51
20250214_100921_pd_ceo2_000-032,2025-02-14T10:09:21
20250216_072220_pd_ceo2_000-033,2025-02-16T07:22:20
20250218_063825_pd_ceo2_000-034,2025-02-18T06:38:25
20250313_093410_pd_ceo2_000-004,2025-03-13T09:34:10
20250314_215031_pd_ceo2_000-005,2025-03-14T21:50:31
20250319_065647_pd_ceo2_000-006,2025-03-19T06:56:47
20250320_212002_pd_ceo2_000-007,2025-03-20T21:20:02
20250322_214655_pd_ceo2_000-008,2025-03-22T21:46:55
20250324_121256_pd_ceo2_000-009,2025-03-24T12:12:56
20250327_161743_pd_ceo2_000-010,2025-03-27T16:17:43
20250330_055707_pd_ceo2_000-011,2025-03-30T05:57:07
20250331_073028_pd_ceo2_000-012,2025-03-31T07:30:28
20250402_192316_pd_ceo2_000-013,2025-04-02T19:23:16
20250405_155310_pd_ceo2_001-000,2025-04-05T15:53:10
20250407_110014_pd_ceo2_001-001,2025-04-07T11:00:14
20250409_073933_pd_ceo2_001-002,2025-04-09T07:39:33
20250411_062408_pd_ceo2_001-003,2025-04-11T06:24:08
20250413_070943_pd_ceo2_001-004,2025-04-13T07:09:43
20250414_221508_pd_ceo2_001-005,2025-04-14T22:15:08
20250416_125324_pd_ceo2_001-006,2025-04-16T12:53:24
20250418_053805_pd_ceo2_001-007,2025-04-18T05:38:05
20250419_200512_pd_ceo2_001-009,2025-04-19T20:05:12
20250421_131757_pd_ceo2_001-010,2025-04-21T13:17:57
20250423_084629_pd_ceo2_001-011,2025-04-23T08:46:29
20250424_071119_pd_ceo2_001-012,2025-04-24T07:11:19
20250425_213744_pd_ceo2_001-013,2025-04-25T21:37:44
20250427_150918_pd_ceo2_001-014,2025-04-27T15:09:18
20250429_072159_pd_ceo2_001-015,2025-04-29T07:21:59
20250501_062334_pd_ceo2_001-016,2025-05-01T06:23:34
20250502_212422_pd_ceo2_001-017,2025-05-02T21:24:22
20250503_213500_pd_ceo2_001-018,2025-05-03T21:35:00
20250505_101609_pd_ceo2_001-019,2025-05-05T10:16:09
20250507_061748_pd_ceo2_001-020,2025-05-07T06:17:48
20250508_211338_pd_ceo2_001-021,2025-05-08T21:13:38
20250510_153806_pd_ceo2_001-022,2025-05-10T15:38:06
20250512_063052_pd_ceo2_001-023,2025-05-12T06:30:52
20250512_204049_pd_ceo2_001-024,2025-05-12T20:40:49
20250514_065043_pd_ceo2_001-025,2025-05-14T06:50:43
20250514_205525_pd_ceo2_001-026,2025-05-14T20:55:25
20250516_130702_pd_ceo2_001-027,2025-05-16T13:07:02
20250518_063539_pd_ceo2_001-028,2025-05-18T06:35:39
20250519_211540_pd_ceo2_001-029,2025-05-19T21:15:40
20250520_130500_pd_ceo2_001-030,2025-05-20T13:05:00
20250522_065801_pd_ceo2_001-031,2025-05-22T06:58:01
20250522_215428_pd_ceo2_001-032,2025-05-22T21:54:28
20250524_095643_pd_ceo2_001-033,2025-05-24T09:56:43
20250525_215755_pd_ceo2_001-034,2025-05-25T21:57:55
20250527_072929_pd_ceo2_001-035,2025-05-27T07:29:29
20250528_202944_pd_ceo2_001-036,2025-05-28T20:29:44
20250529_071642_pd_ceo2_001-037,2025-05-29T07:16:42
20250531_135544_pd_ceo2_001-038,2025-05-31T13:55:44
20250602_083808_pd_ceo2_001-039,2025-06-02T08:38:08
20250604_061348_pd_ceo2_001-040,2025-06-04T06:13:48
20250605_220108_pd_ceo2_001-041,2025-06-05T22:01:08
20250607_151935_pd_ceo2_001-042,2025-06-07T15:19:35
20250609_051735_pd_ceo2_001-043,2025-06-09T05:17:35
20250610_200952_pd_ceo2_001-044,2025-06-10T20:09:52
20250612_102647_pd_ceo2_001-045,2025-06-12T10:26:47
20250614_051301_pd_ceo2_001-046,2025-06-14T05:13:01
20250616_152717_pd_ceo2_001-047,2025-06-16T15:27:17
20250618_051428_pd_ceo2_001-048,2025-06-18T05:14:28
20250619_212335_pd_ceo2_001-049,2025-06-19T21:23:35
20250621_120113_pd_ceo2_001-050,2025-06-21T12:01:13
20250627_100124_pd_ceo2_001-051,2025-06-27T10:01:24
20250628_202345_pd_ceo2_001-052,2025-06-28T20:23:45
20250629_075830_pd_ceo2_001-053,2025-06-29T07:58:30
20250704_164335_pd_ceo2_001-055,2025-07-04T16:43:35
20250716_154610_pd_ceo2_002-000,2025-07-16T15:46:10
20250718_213328_pd_ceo2_002-001,2025-07-18T21:33:28
20250720_191147_pd_ceo2_002-002,2025-07-20T19:11:47
20250722_125504_pd_ceo2_002-003,2025-07-22T12:55:04
20250731_161330_pd_ceo2_003-000,2025-07-31T16:13:30
20250802_073857_pd_ceo2_003-001,2025-08-02T07:38:57
20250804_085906_pd_ceo2_003-002,2025-08-04T08:59:06
20250806_090117_pd_ceo2_003-003,2025-08-06T09:01:17
20250808_062247_pd_ceo2_003-004,2025-08-08T06:22:47
20250809_211603_pd_ceo2_003-005,2025-08-09T21:16:03
20250811_123345_pd_ceo2_003-006,2025-08-11T12:33:45
20250813_064830_pd_ceo2_003-007,2025-08-13T06:48:30
20250814_214052_pd_ceo2_003-008,2025-08-14T21:40:52
20250816_170713_pd_ceo2_003-009,2025-08-16T17:07:13
20250818_080015_pd_ceo2_003-010,2025-08-18T08:00:15
20250820_073940_pd_ceo2_003-011,2025-08-20T07:39:40
20250822_062328_pd_ceo2_003-012,2025-08-22T06:23:28
20250823_211739_pd_ceo2_003-013,2025-08-23T21:17:39
20250825_121250_pd_ceo2_003-014,2025-08-25T12:12:50
20250827_064830_pd_ceo2_003-015,2025-08-27T06:48:30
20250828_212113_pd_ceo2_003-016,2025-08-28T21:21:13
20250903_072902_pd_ceo2_003-019,2025-09-03T07:29:02
20250904_221826_pd_ceo2_003-020,2025-09-04T22:18:26
20250906_120722_pd_ceo2_003-021,2025-09-06T12:07:22
20250908_073838_pd_ceo2_003-022,2025-09-08T07:38:38
20250909_222601_pd_ceo2_003-023,2025-09-09T22:26:01
20250913_053324_pd_ceo2_003-025,2025-09-13T05:33:24
20250914_204749_pd_ceo2_003-026,2025-09-14T20:47:49
20250916_120524_pd_ceo2_003-027,2025-09-16T12:05:24
20250918_060630_pd_ceo2_003-028,2025-09-18T06:06:30
20250919_211012_pd_ceo2_003-029,2025-09-19T21:10:12
20250921_134038_pd_ceo2_003-030,2025-09-21T13:40:38
20250930_053836_pd_ceo2_003-033,2025-09-30T05:38:36
20251001_210035_pd_ceo2_003-034,2025-10-01T21:00:35
20251003_115332_pd_ceo2_003-035,2025-10-03T11:53:32
20251005_061734_pd_ceo2_003-036,2025-10-05T06:17:34
20251006_223547_pd_ceo2_003-037,2025-10-06T22:35:47
20251008_152546_pd_ceo2_003-038,2025-10-08T15:25:46
20251010_061750_pd_ceo2_003-039,2025-10-10T06:17:50
20251011_210617_pd_ceo2_003-040,2025-10-11T21:06:17
20251013_115146_pd_ceo2_003-041,2025-10-13T11:51:46
20251015_065814_pd_ceo2_003-042,2025-10-15T06:58:14
20251017_053604_pd_ceo2_003-043,2025-10-17T05:36:04
20251018_205930_pd_ceo2_003-044,2025-10-18T20:59:30
20251020_144255_pd_ceo2_003-045,2025-10-20T14:42:55
20251022_091726_pd_ceo2_003-046,2025-10-22T09:17:26
20251024_070614_pd_ceo2_003-047,2025-10-24T07:06:14
20251025_221041_pd_ceo2_003-048,2025-10-25T22:10:41
20251027_142853_pd_ceo2_003-049,2025-10-27T14:28:53
20251029_061223_pd_ceo2_003-050,2025-10-29T06:12:23
20251030_210348_pd_ceo2_003-051,2025-10-30T21:03:48
20251101_115808_pd_ceo2_003-052,2025-11-01T11:58:08
20251103_071808_pd_ceo2_003-053,2025-11-03T07:18:08
20251104_220841_pd_ceo2_003-054,2025-11-04T22:08:41
20251106_130341_pd_ceo2_003-055,2025-11-06T13:03:41
20251108_120745_pd_ceo2_003-056,2025-11-08T12:07:45
20251110_071833_pd_ceo2_003-057,2025-11-10T07:18:33
20251111_232122_pd_ceo2_003-058,2025-11-11T23:21:22
20251113_141223_pd_ceo2_003-059,2025-11-13T14:12:23
20251116_212403_pd_ceo2_003-061,2025-11-16T21:24:03
20251118_140229_pd_ceo2_003-062,2025-11-18T14:02:29
20251120_062032_pd_ceo2_003-063,2025-11-20T06:20:32
20251121_211246_pd_ceo2_003-064,2025-11-21T21:12:46
20251123_112618_pd_ceo2_003-065,2025-11-23T11:26:18
20251125_051216_pd_ceo2_003-066,2025-11-25T05:12:16
20251126_213426_pd_ceo2_003-067,2025-11-26T21:34:26
20251128_122306_pd_ceo2_003-068,2025-11-28T12:23:06
20251130_074043_pd_ceo2_003-069,2025-11-30T07:40:43
20251201_232808_pd_ceo2_003-070,2025-12-01T23:28:08
20251203_132245_pd_ceo2_003-071,2025-12-03T13:22:45
20251206_070947_pd_ceo2_003-073,2025-12-06T07:09:47
20251208_011934_pd_ceo2_003-074,2025-12-08T01:19:34
20251209_153725_pd_ceo2_003-075,2025-12-09T15:37:25
20251211_070048_pd_ceo2_003-076,2025-12-11T07:00:48
20251212_211840_pd_ceo2_003-077,2025-12-12T21:18:40
20251214_133035_pd_ceo2_003-078,2025-12-14T13:30:35
20251216_054002_pd_ceo2_003-079,2025-12-16T05:40:02
20251217_215214_pd_ceo2_003-080,2025-12-17T21:52:14
20251219_134956_pd_ceo2_003-081,2025-12-19T13:49:56
20251221_064441_pd_ceo2_003-082,2025-12-21T06:44:41
20251223_050518_pd_ceo2_003-083,2025-12-23T05:05:18
20251224_195429_pd_ceo2_003-084,2025-12-24T19:54:29
20251226_112401_pd_ceo2_003-085,2025-12-26T11:24:01
20251228_021450_pd_ceo2_003-086,2025-12-28T02:14:50
20251229_180237_pd_ceo2_003-087,2025-12-29T18:02:37
20251231_094101_pd_ceo2_003-088,2025-12-31T09:41:01
20260102_070107_pd_ceo2_003-089,2026-01-02T07:01:07
20260103_215421_pd_ceo2_003-090,2026-01-03T21:54:21
20260105_110501_pd_ceo2_003-091,2026-01-05T11:05:01
20260107_072224_pd_ceo2_003-092,2026-01-07T07:22:24
20260108_220047_pd_ceo2_003-093,2026-01-08T22:00:47
20260110_153337_pd_ceo2_003-094,2026-01-10T15:33:37
20260112_113929_pd_ceo2_003-095,2026-01-12T11:39:29
20260114_070501_pd_ceo2_003-096,2026-01-14T07:05:01
20260115_215548_pd_ceo2_003-097,2026-01-15T21:55:48
20260117_095433_pd_ceo2_003-098,2026-01-17T09:54:33
20260119_102100_pd_ceo2_003-100,2026-01-19T10:21:00
20260121_010845_pd_ceo2_003-101,2026-01-21T01:08:45
20260122_153703_pd_ceo2_003-102,2026-01-22T15:37:03
20260124_062414_pd_ceo2_003-103,2026-01-24T06:24:14
20260125_210727_pd_ceo2_003-104,2026-01-25T21:07:27
20260127_115408_pd_ceo2_003-105,2026-01-27T11:54:08
20260129_070735_pd_ceo2_003-106,2026-01-29T07:07:35
20260130_215303_pd_ceo2_003-107,2026-01-30T21:53:03
20260201_184828_pd_ceo2_003-108,2026-02-01T18:48:28
20260203_102014_pd_ceo2_003-109,2026-02-03T10:20:14
20260205_013030_pd_ceo2_003-110,2026-02-05T01:30:30
20260206_175233_pd_ceo2_003-111,2026-02-06T17:52:33
20260209_160544_pd_ceo2_003-113,2026-02-09T16:05:44
20260211_070853_pd_ceo2_003-114,2026-02-11T07:08:53
20260212_225142_pd_ceo2_003-115,2026-02-12T22:51:42
20260214_170244_pd_ceo2_003-116,2026-02-14T17:02:44
20260217_122912_pd_ceo2_003-117,2026-02-17T12:29:12
20260220_165102_pd_ceo2_003-118,2026-02-20T16:51:02
20260223_215629_pd_ceo2_003-119,2026-02-23T21:56:29
20260227_044757_pd_ceo2_003-120,2026-02-27T04:47:57
20260304_145524_pd_ceo2_004-000,2026-03-04T14:55:24
20260306_054747_pd_ceo2_004-001,2026-03-06T05:47:47
20260307_203322_pd_ceo2_004-002,2026-03-07T20:33:22
20260309_105403_pd_ceo2_004-003,2026-03-09T10:54:03
20260311_013215_pd_ceo2_004-004,2026-03-11T01:32:15
20260312_160922_pd_ceo2_004-005,2026-03-12T16:09:22
20260314_064929_pd_ceo2_004-006,2026-03-14T06:49:29
20260315_214542_pd_ceo2_004-008,2026-03-15T21:45:42
20260322_125032_pd_ceo2_004-009,2026-03-22T12:50:32
20260329_032106_pd_ceo2_004-010,2026-03-29T03:21:06
20260404_182647_pd_ceo2_004-012,2026-04-04T18:26:47
20260411_100444_pd_ceo2_004-013,2026-04-11T10:04:44
20260420_071324_pd_ceo2_004-015,2026-04-20T07:13:24
20260423_055558_pd_ceo2_004-016,2026-04-23T05:55:58
20260428_071207_pd_ceo2_004-017,2026-04-28T07:12:07
20260505_063850_pd_ceo2_004-018,2026-05-05T06:38:50
20260507_124225_pd_ceo2_004-020,2026-05-07T12:42:25
20260511_130755_pd_ceo2_004-021,2026-05-11T13:07:55
20260515_195430_pd_ceo2_004-022,2026-05-15T19:54:30
